"Name","Sku","Message"
"Test 2201","SKU-4701","The name has already been taken."
"Test 2201","SKU-4701","The sku code has already been taken."
"Test 2202","SKU-4702","The name has already been taken."
"Test 2202","SKU-4702","The sku code has already been taken."
"Test 2203","SKU-4703","The name has already been taken."
"Test 2203","SKU-4703","The sku code has already been taken."
"Test 2204","SKU-4704","The name has already been taken."
"Test 2204","SKU-4704","The sku code has already been taken."
"Test 2205","SKU-4705","The name has already been taken."
"Test 2205","SKU-4705","The sku code has already been taken."
"Test 2206","SKU-4706","The name has already been taken."
"Test 2206","SKU-4706","The sku code has already been taken."
"Test 2207","SKU-4707","The name has already been taken."
"Test 2207","SKU-4707","The sku code has already been taken."
"Test 2208","SKU-4708","The name has already been taken."
"Test 2208","SKU-4708","The sku code has already been taken."
"Test 2209","SKU-4709","The name has already been taken."
"Test 2209","SKU-4709","The sku code has already been taken."
"Test 2210","SKU-4710","The name has already been taken."
"Test 2210","SKU-4710","The sku code has already been taken."
"Test 2211","SKU-4711","The name has already been taken."
"Test 2211","SKU-4711","The sku code has already been taken."
"Test 2212","SKU-4712","The name has already been taken."
"Test 2212","SKU-4712","The sku code has already been taken."
"Test 2213","SKU-4713","The name has already been taken."
"Test 2213","SKU-4713","The sku code has already been taken."
"Test 2214","SKU-4714","The name has already been taken."
"Test 2214","SKU-4714","The sku code has already been taken."
"Test 2215","SKU-4715","The name has already been taken."
"Test 2215","SKU-4715","The sku code has already been taken."
"Test 2216","SKU-4716","The name has already been taken."
"Test 2216","SKU-4716","The sku code has already been taken."
"Test 2217","SKU-4717","The name has already been taken."
"Test 2217","SKU-4717","The sku code has already been taken."
"Test 2218","SKU-4718","The name has already been taken."
"Test 2218","SKU-4718","The sku code has already been taken."
"Test 2219","SKU-4719","The name has already been taken."
"Test 2219","SKU-4719","The sku code has already been taken."
"Test 2220","SKU-4720","The name has already been taken."
"Test 2220","SKU-4720","The sku code has already been taken."
"Test 2221","SKU-4721","The name has already been taken."
"Test 2221","SKU-4721","The sku code has already been taken."
"Test 2222","SKU-4722","The name has already been taken."
"Test 2222","SKU-4722","The sku code has already been taken."
"Test 2223","SKU-4723","The name has already been taken."
"Test 2223","SKU-4723","The sku code has already been taken."
"Test 2224","SKU-4724","The name has already been taken."
"Test 2224","SKU-4724","The sku code has already been taken."
"Test 2225","SKU-4725","The name has already been taken."
"Test 2225","SKU-4725","The sku code has already been taken."
"Test 2226","SKU-4726","The name has already been taken."
"Test 2226","SKU-4726","The sku code has already been taken."
"Test 2227","SKU-4727","The name has already been taken."
"Test 2227","SKU-4727","The sku code has already been taken."
"Test 2228","SKU-4728","The name has already been taken."
"Test 2228","SKU-4728","The sku code has already been taken."
"Test 2229","SKU-4729","The name has already been taken."
"Test 2229","SKU-4729","The sku code has already been taken."
"Test 2230","SKU-4730","The name has already been taken."
"Test 2230","SKU-4730","The sku code has already been taken."
"Test 2231","SKU-4731","The name has already been taken."
"Test 2231","SKU-4731","The sku code has already been taken."
"Test 2232","SKU-4732","The name has already been taken."
"Test 2232","SKU-4732","The sku code has already been taken."
"Test 2233","SKU-4733","The name has already been taken."
"Test 2233","SKU-4733","The sku code has already been taken."
"Test 2234","SKU-4734","The name has already been taken."
"Test 2234","SKU-4734","The sku code has already been taken."
"Test 2235","SKU-4735","The name has already been taken."
"Test 2235","SKU-4735","The sku code has already been taken."
"Test 2236","SKU-4736","The name has already been taken."
"Test 2236","SKU-4736","The sku code has already been taken."
"Test 2237","SKU-4737","The name has already been taken."
"Test 2237","SKU-4737","The sku code has already been taken."
"Test 2238","SKU-4738","The name has already been taken."
"Test 2238","SKU-4738","The sku code has already been taken."
"Test 2239","SKU-4739","The name has already been taken."
"Test 2239","SKU-4739","The sku code has already been taken."
"Test 2240","SKU-4740","The name has already been taken."
"Test 2240","SKU-4740","The sku code has already been taken."
"Test 2241","SKU-4741","The name has already been taken."
"Test 2241","SKU-4741","The sku code has already been taken."
"Test 2242","SKU-4742","The name has already been taken."
"Test 2242","SKU-4742","The sku code has already been taken."
"Test 2243","SKU-4743","The name has already been taken."
"Test 2243","SKU-4743","The sku code has already been taken."
"Test 2244","SKU-4744","The name has already been taken."
"Test 2244","SKU-4744","The sku code has already been taken."
"Test 2245","SKU-4745","The name has already been taken."
"Test 2245","SKU-4745","The sku code has already been taken."
"Test 2246","SKU-4746","The name has already been taken."
"Test 2246","SKU-4746","The sku code has already been taken."
"Test 2247","SKU-4747","The name has already been taken."
"Test 2247","SKU-4747","The sku code has already been taken."
"Test 2248","SKU-4748","The name has already been taken."
"Test 2248","SKU-4748","The sku code has already been taken."
"Test 2249","SKU-4749","The name has already been taken."
"Test 2249","SKU-4749","The sku code has already been taken."
"Test 2250","SKU-4750","The name has already been taken."
"Test 2250","SKU-4750","The sku code has already been taken."
"Test 2251","SKU-4751","The name has already been taken."
"Test 2251","SKU-4751","The sku code has already been taken."
"Test 2252","SKU-4752","The name has already been taken."
"Test 2252","SKU-4752","The sku code has already been taken."
"Test 2253","SKU-4753","The name has already been taken."
"Test 2253","SKU-4753","The sku code has already been taken."
"Test 2254","SKU-4754","The name has already been taken."
"Test 2254","SKU-4754","The sku code has already been taken."
"Test 2255","SKU-4755","The name has already been taken."
"Test 2255","SKU-4755","The sku code has already been taken."
"Test 2256","SKU-4756","The name has already been taken."
"Test 2256","SKU-4756","The sku code has already been taken."
"Test 2257","SKU-4757","The name has already been taken."
"Test 2257","SKU-4757","The sku code has already been taken."
"Test 2258","SKU-4758","The name has already been taken."
"Test 2258","SKU-4758","The sku code has already been taken."
"Test 2259","SKU-4759","The name has already been taken."
"Test 2259","SKU-4759","The sku code has already been taken."
"Test 2260","SKU-4760","The name has already been taken."
"Test 2260","SKU-4760","The sku code has already been taken."
"Test 2261","SKU-4761","The name has already been taken."
"Test 2261","SKU-4761","The sku code has already been taken."
"Test 2262","SKU-4762","The name has already been taken."
"Test 2262","SKU-4762","The sku code has already been taken."
"Test 2263","SKU-4763","The name has already been taken."
"Test 2263","SKU-4763","The sku code has already been taken."
"Test 2264","SKU-4764","The name has already been taken."
"Test 2264","SKU-4764","The sku code has already been taken."
"Test 2265","SKU-4765","The name has already been taken."
"Test 2265","SKU-4765","The sku code has already been taken."
"Test 2266","SKU-4766","The name has already been taken."
"Test 2266","SKU-4766","The sku code has already been taken."
"Test 2267","SKU-4767","The name has already been taken."
"Test 2267","SKU-4767","The sku code has already been taken."
"Test 2268","SKU-4768","The name has already been taken."
"Test 2268","SKU-4768","The sku code has already been taken."
"Test 2269","SKU-4769","The name has already been taken."
"Test 2269","SKU-4769","The sku code has already been taken."
"Test 2270","SKU-4770","The name has already been taken."
"Test 2270","SKU-4770","The sku code has already been taken."
"Test 2271","SKU-4771","The name has already been taken."
"Test 2271","SKU-4771","The sku code has already been taken."
"Test 2272","SKU-4772","The name has already been taken."
"Test 2272","SKU-4772","The sku code has already been taken."
"Test 2273","SKU-4773","The name has already been taken."
"Test 2273","SKU-4773","The sku code has already been taken."
"Test 2274","SKU-4774","The name has already been taken."
"Test 2274","SKU-4774","The sku code has already been taken."
"Test 2275","SKU-4775","The name has already been taken."
"Test 2275","SKU-4775","The sku code has already been taken."
"Test 2276","SKU-4776","The name has already been taken."
"Test 2276","SKU-4776","The sku code has already been taken."
"Test 2277","SKU-4777","The name has already been taken."
"Test 2277","SKU-4777","The sku code has already been taken."
"Test 2278","SKU-4778","The name has already been taken."
"Test 2278","SKU-4778","The sku code has already been taken."
"Test 2279","SKU-4779","The name has already been taken."
"Test 2279","SKU-4779","The sku code has already been taken."
"Test 2280","SKU-4780","The name has already been taken."
"Test 2280","SKU-4780","The sku code has already been taken."
"Test 2281","SKU-4781","The name has already been taken."
"Test 2281","SKU-4781","The sku code has already been taken."
"Test 2282","SKU-4782","The name has already been taken."
"Test 2282","SKU-4782","The sku code has already been taken."
"Test 2283","SKU-4783","The name has already been taken."
"Test 2283","SKU-4783","The sku code has already been taken."
"Test 2284","SKU-4784","The name has already been taken."
"Test 2284","SKU-4784","The sku code has already been taken."
"Test 2285","SKU-4785","The name has already been taken."
"Test 2285","SKU-4785","The sku code has already been taken."
"Test 2286","SKU-4786","The name has already been taken."
"Test 2286","SKU-4786","The sku code has already been taken."
"Test 2287","SKU-4787","The name has already been taken."
"Test 2287","SKU-4787","The sku code has already been taken."
"Test 2288","SKU-4788","The name has already been taken."
"Test 2288","SKU-4788","The sku code has already been taken."
"Test 2289","SKU-4789","The name has already been taken."
"Test 2289","SKU-4789","The sku code has already been taken."
"Test 2290","SKU-4790","The name has already been taken."
"Test 2290","SKU-4790","The sku code has already been taken."
"Test 2291","SKU-4791","The name has already been taken."
"Test 2291","SKU-4791","The sku code has already been taken."
"Test 2292","SKU-4792","The name has already been taken."
"Test 2292","SKU-4792","The sku code has already been taken."
"Test 2293","SKU-4793","The name has already been taken."
"Test 2293","SKU-4793","The sku code has already been taken."
"Test 2294","SKU-4794","The name has already been taken."
"Test 2294","SKU-4794","The sku code has already been taken."
"Test 2295","SKU-4795","The name has already been taken."
"Test 2295","SKU-4795","The sku code has already been taken."
"Test 2296","SKU-4796","The name has already been taken."
"Test 2296","SKU-4796","The sku code has already been taken."
"Test 2297","SKU-4797","The name has already been taken."
"Test 2297","SKU-4797","The sku code has already been taken."
"Test 2298","SKU-4798","The name has already been taken."
"Test 2298","SKU-4798","The sku code has already been taken."
"Test 2299","SKU-4799","The name has already been taken."
"Test 2299","SKU-4799","The sku code has already been taken."
"Test 2300","SKU-4800","The name has already been taken."
"Test 2300","SKU-4800","The sku code has already been taken."
"Test 2301","SKU-4801","The name has already been taken."
"Test 2301","SKU-4801","The sku code has already been taken."
"Test 2302","SKU-4802","The name has already been taken."
"Test 2302","SKU-4802","The sku code has already been taken."
"Test 2303","SKU-4803","The name has already been taken."
"Test 2303","SKU-4803","The sku code has already been taken."
"Test 2304","SKU-4804","The name has already been taken."
"Test 2304","SKU-4804","The sku code has already been taken."
"Test 2305","SKU-4805","The name has already been taken."
"Test 2305","SKU-4805","The sku code has already been taken."
"Test 2306","SKU-4806","The name has already been taken."
"Test 2306","SKU-4806","The sku code has already been taken."
"Test 2307","SKU-4807","The name has already been taken."
"Test 2307","SKU-4807","The sku code has already been taken."
"Test 2308","SKU-4808","The name has already been taken."
"Test 2308","SKU-4808","The sku code has already been taken."
"Test 2309","SKU-4809","The name has already been taken."
"Test 2309","SKU-4809","The sku code has already been taken."
"Test 2310","SKU-4810","The name has already been taken."
"Test 2310","SKU-4810","The sku code has already been taken."
"Test 2311","SKU-4811","The name has already been taken."
"Test 2311","SKU-4811","The sku code has already been taken."
"Test 2312","SKU-4812","The name has already been taken."
"Test 2312","SKU-4812","The sku code has already been taken."
"Test 2313","SKU-4813","The name has already been taken."
"Test 2313","SKU-4813","The sku code has already been taken."
"Test 2314","SKU-4814","The name has already been taken."
"Test 2314","SKU-4814","The sku code has already been taken."
"Test 2315","SKU-4815","The name has already been taken."
"Test 2315","SKU-4815","The sku code has already been taken."
"Test 2316","SKU-4816","The name has already been taken."
"Test 2316","SKU-4816","The sku code has already been taken."
"Test 2317","SKU-4817","The name has already been taken."
"Test 2317","SKU-4817","The sku code has already been taken."
"Test 2318","SKU-4818","The name has already been taken."
"Test 2318","SKU-4818","The sku code has already been taken."
"Test 2319","SKU-4819","The name has already been taken."
"Test 2319","SKU-4819","The sku code has already been taken."
"Test 2320","SKU-4820","The name has already been taken."
"Test 2320","SKU-4820","The sku code has already been taken."
"Test 2321","SKU-4821","The name has already been taken."
"Test 2321","SKU-4821","The sku code has already been taken."
"Test 2322","SKU-4822","The name has already been taken."
"Test 2322","SKU-4822","The sku code has already been taken."
"Test 2323","SKU-4823","The name has already been taken."
"Test 2323","SKU-4823","The sku code has already been taken."
"Test 2324","SKU-4824","The name has already been taken."
"Test 2324","SKU-4824","The sku code has already been taken."
"Test 2325","SKU-4825","The name has already been taken."
"Test 2325","SKU-4825","The sku code has already been taken."
"Test 2326","SKU-4826","The name has already been taken."
"Test 2326","SKU-4826","The sku code has already been taken."
"Test 2327","SKU-4827","The name has already been taken."
"Test 2327","SKU-4827","The sku code has already been taken."
"Test 2328","SKU-4828","The name has already been taken."
"Test 2328","SKU-4828","The sku code has already been taken."
"Test 2329","SKU-4829","The name has already been taken."
"Test 2329","SKU-4829","The sku code has already been taken."
"Test 2330","SKU-4830","The name has already been taken."
"Test 2330","SKU-4830","The sku code has already been taken."
"Test 2331","SKU-4831","The name has already been taken."
"Test 2331","SKU-4831","The sku code has already been taken."
"Test 2332","SKU-4832","The name has already been taken."
"Test 2332","SKU-4832","The sku code has already been taken."
"Test 2333","SKU-4833","The name has already been taken."
"Test 2333","SKU-4833","The sku code has already been taken."
"Test 2334","SKU-4834","The name has already been taken."
"Test 2334","SKU-4834","The sku code has already been taken."
"Test 2335","SKU-4835","The name has already been taken."
"Test 2335","SKU-4835","The sku code has already been taken."
"Test 2336","SKU-4836","The name has already been taken."
"Test 2336","SKU-4836","The sku code has already been taken."
"Test 2337","SKU-4837","The name has already been taken."
"Test 2337","SKU-4837","The sku code has already been taken."
"Test 2338","SKU-4838","The name has already been taken."
"Test 2338","SKU-4838","The sku code has already been taken."
"Test 2339","SKU-4839","The name has already been taken."
"Test 2339","SKU-4839","The sku code has already been taken."
"Test 2340","SKU-4840","The name has already been taken."
"Test 2340","SKU-4840","The sku code has already been taken."
"Test 2341","SKU-4841","The name has already been taken."
"Test 2341","SKU-4841","The sku code has already been taken."
"Test 2342","SKU-4842","The name has already been taken."
"Test 2342","SKU-4842","The sku code has already been taken."
"Test 2343","SKU-4843","The name has already been taken."
"Test 2343","SKU-4843","The sku code has already been taken."
"Test 2344","SKU-4844","The name has already been taken."
"Test 2344","SKU-4844","The sku code has already been taken."
"Test 2345","SKU-4845","The name has already been taken."
"Test 2345","SKU-4845","The sku code has already been taken."
"Test 2346","SKU-4846","The name has already been taken."
"Test 2346","SKU-4846","The sku code has already been taken."
"Test 2347","SKU-4847","The name has already been taken."
"Test 2347","SKU-4847","The sku code has already been taken."
"Test 2348","SKU-4848","The name has already been taken."
"Test 2348","SKU-4848","The sku code has already been taken."
"Test 2349","SKU-4849","The name has already been taken."
"Test 2349","SKU-4849","The sku code has already been taken."
"Test 2350","SKU-4850","The name has already been taken."
"Test 2350","SKU-4850","The sku code has already been taken."
"Test 2351","SKU-4851","The name has already been taken."
"Test 2351","SKU-4851","The sku code has already been taken."
"Test 2352","SKU-4852","The name has already been taken."
"Test 2352","SKU-4852","The sku code has already been taken."
"Test 2353","SKU-4853","The name has already been taken."
"Test 2353","SKU-4853","The sku code has already been taken."
"Test 2354","SKU-4854","The name has already been taken."
"Test 2354","SKU-4854","The sku code has already been taken."
"Test 2355","SKU-4855","The name has already been taken."
"Test 2355","SKU-4855","The sku code has already been taken."
"Test 2356","SKU-4856","The name has already been taken."
"Test 2356","SKU-4856","The sku code has already been taken."
"Test 2357","SKU-4857","The name has already been taken."
"Test 2357","SKU-4857","The sku code has already been taken."
"Test 2358","SKU-4858","The name has already been taken."
"Test 2358","SKU-4858","The sku code has already been taken."
"Test 2359","SKU-4859","The name has already been taken."
"Test 2359","SKU-4859","The sku code has already been taken."
"Test 2360","SKU-4860","The name has already been taken."
"Test 2360","SKU-4860","The sku code has already been taken."
"Test 2361","SKU-4861","The name has already been taken."
"Test 2361","SKU-4861","The sku code has already been taken."
"Test 2362","SKU-4862","The name has already been taken."
"Test 2362","SKU-4862","The sku code has already been taken."
"Test 2363","SKU-4863","The name has already been taken."
"Test 2363","SKU-4863","The sku code has already been taken."
"Test 2364","SKU-4864","The name has already been taken."
"Test 2364","SKU-4864","The sku code has already been taken."
"Test 2365","SKU-4865","The name has already been taken."
"Test 2365","SKU-4865","The sku code has already been taken."
"Test 2366","SKU-4866","The name has already been taken."
"Test 2366","SKU-4866","The sku code has already been taken."
"Test 2367","SKU-4867","The name has already been taken."
"Test 2367","SKU-4867","The sku code has already been taken."
"Test 2368","SKU-4868","The name has already been taken."
"Test 2368","SKU-4868","The sku code has already been taken."
"Test 2369","SKU-4869","The name has already been taken."
"Test 2369","SKU-4869","The sku code has already been taken."
"Test 2370","SKU-4870","The name has already been taken."
"Test 2370","SKU-4870","The sku code has already been taken."
"Test 2371","SKU-4871","The name has already been taken."
"Test 2371","SKU-4871","The sku code has already been taken."
"Test 2372","SKU-4872","The name has already been taken."
"Test 2372","SKU-4872","The sku code has already been taken."
"Test 2373","SKU-4873","The name has already been taken."
"Test 2373","SKU-4873","The sku code has already been taken."
"Test 2374","SKU-4874","The name has already been taken."
"Test 2374","SKU-4874","The sku code has already been taken."
"Test 2375","SKU-4875","The name has already been taken."
"Test 2375","SKU-4875","The sku code has already been taken."
"Test 2376","SKU-4876","The name has already been taken."
"Test 2376","SKU-4876","The sku code has already been taken."
"Test 2377","SKU-4877","The name has already been taken."
"Test 2377","SKU-4877","The sku code has already been taken."
"Test 2378","SKU-4878","The name has already been taken."
"Test 2378","SKU-4878","The sku code has already been taken."
"Test 2379","SKU-4879","The name has already been taken."
"Test 2379","SKU-4879","The sku code has already been taken."
"Test 2380","SKU-4880","The name has already been taken."
"Test 2380","SKU-4880","The sku code has already been taken."
"Test 2381","SKU-4881","The name has already been taken."
"Test 2381","SKU-4881","The sku code has already been taken."
"Test 2382","SKU-4882","The name has already been taken."
"Test 2382","SKU-4882","The sku code has already been taken."
"Test 2383","SKU-4883","The name has already been taken."
"Test 2383","SKU-4883","The sku code has already been taken."
"Test 2384","SKU-4884","The name has already been taken."
"Test 2384","SKU-4884","The sku code has already been taken."
"Test 2385","SKU-4885","The name has already been taken."
"Test 2385","SKU-4885","The sku code has already been taken."
"Test 2386","SKU-4886","The name has already been taken."
"Test 2386","SKU-4886","The sku code has already been taken."
"Test 2387","SKU-4887","The name has already been taken."
"Test 2387","SKU-4887","The sku code has already been taken."
"Test 2388","SKU-4888","The name has already been taken."
"Test 2388","SKU-4888","The sku code has already been taken."
"Test 2389","SKU-4889","The name has already been taken."
"Test 2389","SKU-4889","The sku code has already been taken."
"Test 2390","SKU-4890","The name has already been taken."
"Test 2390","SKU-4890","The sku code has already been taken."
"Test 2391","SKU-4891","The name has already been taken."
"Test 2391","SKU-4891","The sku code has already been taken."
"Test 2392","SKU-4892","The name has already been taken."
"Test 2392","SKU-4892","The sku code has already been taken."
"Test 2393","SKU-4893","The name has already been taken."
"Test 2393","SKU-4893","The sku code has already been taken."
"Test 2394","SKU-4894","The name has already been taken."
"Test 2394","SKU-4894","The sku code has already been taken."
"Test 2395","SKU-4895","The name has already been taken."
"Test 2395","SKU-4895","The sku code has already been taken."
"Test 2396","SKU-4896","The name has already been taken."
"Test 2396","SKU-4896","The sku code has already been taken."
"Test 2397","SKU-4897","The name has already been taken."
"Test 2397","SKU-4897","The sku code has already been taken."
"Test 2398","SKU-4898","The name has already been taken."
"Test 2398","SKU-4898","The sku code has already been taken."
"Test 2399","SKU-4899","The name has already been taken."
"Test 2399","SKU-4899","The sku code has already been taken."
"Test 2400","SKU-4900","The name has already been taken."
"Test 2400","SKU-4900","The sku code has already been taken."
"Test 2401","SKU-4901","The name has already been taken."
"Test 2401","SKU-4901","The sku code has already been taken."
"Test 2402","SKU-4902","The name has already been taken."
"Test 2402","SKU-4902","The sku code has already been taken."
"Test 2403","SKU-4903","The name has already been taken."
"Test 2403","SKU-4903","The sku code has already been taken."
"Test 2404","SKU-4904","The name has already been taken."
"Test 2404","SKU-4904","The sku code has already been taken."
"Test 2405","SKU-4905","The name has already been taken."
"Test 2405","SKU-4905","The sku code has already been taken."
"Test 2406","SKU-4906","The name has already been taken."
"Test 2406","SKU-4906","The sku code has already been taken."
"Test 2407","SKU-4907","The name has already been taken."
"Test 2407","SKU-4907","The sku code has already been taken."
"Test 2408","SKU-4908","The name has already been taken."
"Test 2408","SKU-4908","The sku code has already been taken."
"Test 2409","SKU-4909","The name has already been taken."
"Test 2409","SKU-4909","The sku code has already been taken."
"Test 2410","SKU-4910","The name has already been taken."
"Test 2410","SKU-4910","The sku code has already been taken."
"Test 2411","SKU-4911","The name has already been taken."
"Test 2411","SKU-4911","The sku code has already been taken."
"Test 2412","SKU-4912","The name has already been taken."
"Test 2412","SKU-4912","The sku code has already been taken."
"Test 2413","SKU-4913","The name has already been taken."
"Test 2413","SKU-4913","The sku code has already been taken."
"Test 2414","SKU-4914","The name has already been taken."
"Test 2414","SKU-4914","The sku code has already been taken."
"Test 2415","SKU-4915","The name has already been taken."
"Test 2415","SKU-4915","The sku code has already been taken."
"Test 2416","SKU-4916","The name has already been taken."
"Test 2416","SKU-4916","The sku code has already been taken."
"Test 2417","SKU-4917","The name has already been taken."
"Test 2417","SKU-4917","The sku code has already been taken."
"Test 2418","SKU-4918","The name has already been taken."
"Test 2418","SKU-4918","The sku code has already been taken."
"Test 2419","SKU-4919","The name has already been taken."
"Test 2419","SKU-4919","The sku code has already been taken."
"Test 2420","SKU-4920","The name has already been taken."
"Test 2420","SKU-4920","The sku code has already been taken."
"Test 2421","SKU-4921","The name has already been taken."
"Test 2421","SKU-4921","The sku code has already been taken."
"Test 2422","SKU-4922","The name has already been taken."
"Test 2422","SKU-4922","The sku code has already been taken."
"Test 2423","SKU-4923","The name has already been taken."
"Test 2423","SKU-4923","The sku code has already been taken."
"Test 2424","SKU-4924","The name has already been taken."
"Test 2424","SKU-4924","The sku code has already been taken."
"Test 2425","SKU-4925","The name has already been taken."
"Test 2425","SKU-4925","The sku code has already been taken."
"Test 2426","SKU-4926","The name has already been taken."
"Test 2426","SKU-4926","The sku code has already been taken."
"Test 2427","SKU-4927","The name has already been taken."
"Test 2427","SKU-4927","The sku code has already been taken."
"Test 2428","SKU-4928","The name has already been taken."
"Test 2428","SKU-4928","The sku code has already been taken."
"Test 2429","SKU-4929","The name has already been taken."
"Test 2429","SKU-4929","The sku code has already been taken."
"Test 2430","SKU-4930","The name has already been taken."
"Test 2430","SKU-4930","The sku code has already been taken."
"Test 2431","SKU-4931","The name has already been taken."
"Test 2431","SKU-4931","The sku code has already been taken."
"Test 2432","SKU-4932","The name has already been taken."
"Test 2432","SKU-4932","The sku code has already been taken."
"Test 2433","SKU-4933","The name has already been taken."
"Test 2433","SKU-4933","The sku code has already been taken."
"Test 2434","SKU-4934","The name has already been taken."
"Test 2434","SKU-4934","The sku code has already been taken."
"Test 2435","SKU-4935","The name has already been taken."
"Test 2435","SKU-4935","The sku code has already been taken."
"Test 2436","SKU-4936","The name has already been taken."
"Test 2436","SKU-4936","The sku code has already been taken."
"Test 2437","SKU-4937","The name has already been taken."
"Test 2437","SKU-4937","The sku code has already been taken."
"Test 2438","SKU-4938","The name has already been taken."
"Test 2438","SKU-4938","The sku code has already been taken."
"Test 2439","SKU-4939","The name has already been taken."
"Test 2439","SKU-4939","The sku code has already been taken."
"Test 2440","SKU-4940","The name has already been taken."
"Test 2440","SKU-4940","The sku code has already been taken."
"Test 2441","SKU-4941","The name has already been taken."
"Test 2441","SKU-4941","The sku code has already been taken."
"Test 2442","SKU-4942","The name has already been taken."
"Test 2442","SKU-4942","The sku code has already been taken."
"Test 2443","SKU-4943","The name has already been taken."
"Test 2443","SKU-4943","The sku code has already been taken."
"Test 2444","SKU-4944","The name has already been taken."
"Test 2444","SKU-4944","The sku code has already been taken."
"Test 2445","SKU-4945","The name has already been taken."
"Test 2445","SKU-4945","The sku code has already been taken."
"Test 2446","SKU-4946","The name has already been taken."
"Test 2446","SKU-4946","The sku code has already been taken."
"Test 2447","SKU-4947","The name has already been taken."
"Test 2447","SKU-4947","The sku code has already been taken."
"Test 2448","SKU-4948","The name has already been taken."
"Test 2448","SKU-4948","The sku code has already been taken."
"Test 2449","SKU-4949","The name has already been taken."
"Test 2449","SKU-4949","The sku code has already been taken."
"Test 2450","SKU-4950","The name has already been taken."
"Test 2450","SKU-4950","The sku code has already been taken."
"Test 2451","SKU-4951","The name has already been taken."
"Test 2451","SKU-4951","The sku code has already been taken."
"Test 2452","SKU-4952","The name has already been taken."
"Test 2452","SKU-4952","The sku code has already been taken."
"Test 2453","SKU-4953","The name has already been taken."
"Test 2453","SKU-4953","The sku code has already been taken."
"Test 2454","SKU-4954","The name has already been taken."
"Test 2454","SKU-4954","The sku code has already been taken."
"Test 2455","SKU-4955","The name has already been taken."
"Test 2455","SKU-4955","The sku code has already been taken."
"Test 2456","SKU-4956","The name has already been taken."
"Test 2456","SKU-4956","The sku code has already been taken."
"Test 2457","SKU-4957","The name has already been taken."
"Test 2457","SKU-4957","The sku code has already been taken."
"Test 2458","SKU-4958","The name has already been taken."
"Test 2458","SKU-4958","The sku code has already been taken."
"Test 2459","SKU-4959","The name has already been taken."
"Test 2459","SKU-4959","The sku code has already been taken."
"Test 2460","SKU-4960","The name has already been taken."
"Test 2460","SKU-4960","The sku code has already been taken."
"Test 2461","SKU-4961","The name has already been taken."
"Test 2461","SKU-4961","The sku code has already been taken."
"Test 2462","SKU-4962","The name has already been taken."
"Test 2462","SKU-4962","The sku code has already been taken."
"Test 2463","SKU-4963","The name has already been taken."
"Test 2463","SKU-4963","The sku code has already been taken."
"Test 2464","SKU-4964","The name has already been taken."
"Test 2464","SKU-4964","The sku code has already been taken."
"Test 2465","SKU-4965","The name has already been taken."
"Test 2465","SKU-4965","The sku code has already been taken."
"Test 2466","SKU-4966","The name has already been taken."
"Test 2466","SKU-4966","The sku code has already been taken."
"Test 2467","SKU-4967","The name has already been taken."
"Test 2467","SKU-4967","The sku code has already been taken."
"Test 2468","SKU-4968","The name has already been taken."
"Test 2468","SKU-4968","The sku code has already been taken."
"Test 2469","SKU-4969","The name has already been taken."
"Test 2469","SKU-4969","The sku code has already been taken."
"Test 2470","SKU-4970","The name has already been taken."
"Test 2470","SKU-4970","The sku code has already been taken."
"Test 2471","SKU-4971","The name has already been taken."
"Test 2471","SKU-4971","The sku code has already been taken."
"Test 2472","SKU-4972","The name has already been taken."
"Test 2472","SKU-4972","The sku code has already been taken."
"Test 2473","SKU-4973","The name has already been taken."
"Test 2473","SKU-4973","The sku code has already been taken."
"Test 2474","SKU-4974","The name has already been taken."
"Test 2474","SKU-4974","The sku code has already been taken."
"Test 2475","SKU-4975","The name has already been taken."
"Test 2475","SKU-4975","The sku code has already been taken."
"Test 2476","SKU-4976","The name has already been taken."
"Test 2476","SKU-4976","The sku code has already been taken."
"Test 2477","SKU-4977","The name has already been taken."
"Test 2477","SKU-4977","The sku code has already been taken."
"Test 2478","SKU-4978","The name has already been taken."
"Test 2478","SKU-4978","The sku code has already been taken."
"Test 2479","SKU-4979","The name has already been taken."
"Test 2479","SKU-4979","The sku code has already been taken."
"Test 2480","SKU-4980","The name has already been taken."
"Test 2480","SKU-4980","The sku code has already been taken."
"Test 2481","SKU-4981","The name has already been taken."
"Test 2481","SKU-4981","The sku code has already been taken."
"Test 2482","SKU-4982","The name has already been taken."
"Test 2482","SKU-4982","The sku code has already been taken."
"Test 2483","SKU-4983","The name has already been taken."
"Test 2483","SKU-4983","The sku code has already been taken."
"Test 2484","SKU-4984","The name has already been taken."
"Test 2484","SKU-4984","The sku code has already been taken."
"Test 2485","SKU-4985","The name has already been taken."
"Test 2485","SKU-4985","The sku code has already been taken."
"Test 2486","SKU-4986","The name has already been taken."
"Test 2486","SKU-4986","The sku code has already been taken."
"Test 2487","SKU-4987","The name has already been taken."
"Test 2487","SKU-4987","The sku code has already been taken."
"Test 2488","SKU-4988","The name has already been taken."
"Test 2488","SKU-4988","The sku code has already been taken."
"Test 2489","SKU-4989","The name has already been taken."
"Test 2489","SKU-4989","The sku code has already been taken."
"Test 2490","SKU-4990","The name has already been taken."
"Test 2490","SKU-4990","The sku code has already been taken."
"Test 2491","SKU-4991","The name has already been taken."
"Test 2491","SKU-4991","The sku code has already been taken."
"Test 2492","SKU-4992","The name has already been taken."
"Test 2492","SKU-4992","The sku code has already been taken."
"Test 2493","SKU-4993","The name has already been taken."
"Test 2493","SKU-4993","The sku code has already been taken."
"Test 2494","SKU-4994","The name has already been taken."
"Test 2494","SKU-4994","The sku code has already been taken."
"Test 2495","SKU-4995","The name has already been taken."
"Test 2495","SKU-4995","The sku code has already been taken."
"Test 2496","SKU-4996","The name has already been taken."
"Test 2496","SKU-4996","The sku code has already been taken."
"Test 2497","SKU-4997","The name has already been taken."
"Test 2497","SKU-4997","The sku code has already been taken."
"Test 2498","SKU-4998","The name has already been taken."
"Test 2498","SKU-4998","The sku code has already been taken."
"Test 2499","SKU-4999","The name has already been taken."
"Test 2499","SKU-4999","The sku code has already been taken."
"Test 2500","SKU-5000","The name has already been taken."
"Test 2500","SKU-5000","The sku code has already been taken."
"Test 2501","SKU-5001","The name has already been taken."
"Test 2501","SKU-5001","The sku code has already been taken."
"Test 2502","SKU-5002","The name has already been taken."
"Test 2502","SKU-5002","The sku code has already been taken."
"Test 2503","SKU-5003","The name has already been taken."
"Test 2503","SKU-5003","The sku code has already been taken."
"Test 2504","SKU-5004","The name has already been taken."
"Test 2504","SKU-5004","The sku code has already been taken."
"Test 2505","SKU-5005","The name has already been taken."
"Test 2505","SKU-5005","The sku code has already been taken."
"Test 2506","SKU-5006","The name has already been taken."
"Test 2506","SKU-5006","The sku code has already been taken."
"Test 2507","SKU-5007","The name has already been taken."
"Test 2507","SKU-5007","The sku code has already been taken."
"Test 2508","SKU-5008","The name has already been taken."
"Test 2508","SKU-5008","The sku code has already been taken."
"Test 2509","SKU-5009","The name has already been taken."
"Test 2509","SKU-5009","The sku code has already been taken."
"Test 2510","SKU-5010","The name has already been taken."
"Test 2510","SKU-5010","The sku code has already been taken."
"Test 2511","SKU-5011","The name has already been taken."
"Test 2511","SKU-5011","The sku code has already been taken."
"Test 2512","SKU-5012","The name has already been taken."
"Test 2512","SKU-5012","The sku code has already been taken."
"Test 2513","SKU-5013","The name has already been taken."
"Test 2513","SKU-5013","The sku code has already been taken."
"Test 2514","SKU-5014","The name has already been taken."
"Test 2514","SKU-5014","The sku code has already been taken."
"Test 2515","SKU-5015","The name has already been taken."
"Test 2515","SKU-5015","The sku code has already been taken."
"Test 2516","SKU-5016","The name has already been taken."
"Test 2516","SKU-5016","The sku code has already been taken."
"Test 2517","SKU-5017","The name has already been taken."
"Test 2517","SKU-5017","The sku code has already been taken."
"Test 2518","SKU-5018","The name has already been taken."
"Test 2518","SKU-5018","The sku code has already been taken."
"Test 2519","SKU-5019","The name has already been taken."
"Test 2519","SKU-5019","The sku code has already been taken."
"Test 2520","SKU-5020","The name has already been taken."
"Test 2520","SKU-5020","The sku code has already been taken."
"Test 2521","SKU-5021","The name has already been taken."
"Test 2521","SKU-5021","The sku code has already been taken."
"Test 2522","SKU-5022","The name has already been taken."
"Test 2522","SKU-5022","The sku code has already been taken."
"Test 2523","SKU-5023","The name has already been taken."
"Test 2523","SKU-5023","The sku code has already been taken."
"Test 2524","SKU-5024","The name has already been taken."
"Test 2524","SKU-5024","The sku code has already been taken."
"Test 2525","SKU-5025","The name has already been taken."
"Test 2525","SKU-5025","The sku code has already been taken."
"Test 2526","SKU-5026","The name has already been taken."
"Test 2526","SKU-5026","The sku code has already been taken."
"Test 2527","SKU-5027","The name has already been taken."
"Test 2527","SKU-5027","The sku code has already been taken."
"Test 2528","SKU-5028","The name has already been taken."
"Test 2528","SKU-5028","The sku code has already been taken."
"Test 2529","SKU-5029","The name has already been taken."
"Test 2529","SKU-5029","The sku code has already been taken."
"Test 2530","SKU-5030","The name has already been taken."
"Test 2530","SKU-5030","The sku code has already been taken."
